{"cameraMode":{"drawMode":0,"name":"Shaded","section":"Shading Mode"},"sceneLighting":true,"audioPlay":false,"sceneViewState":{"m_AlwaysRefresh":false,"showFog":true,"showSkybox":true,"showFlares":true,"showImageEffects":true,"showParticleSystems":true,"showVisualEffectGraphs":true,"m_FxEnabled":true},"in2DMode":false,"pivot":{"x":123.21548461914063,"y":159.6444091796875,"z":12.974308967590332},"rotation":{"x":0.36569592356681826,"y":-0.6048686504364014,"z":0.36505621671676638,"w":0.6059554219245911},"size":0.0019444748759269715,"orthographic":false}