{"cameraMode":{"drawMode":0,"name":"Shaded","section":"Shading Mode"},"sceneLighting":true,"audioPlay":false,"sceneViewState":{"m_AlwaysRefresh":false,"showFog":true,"showSkybox":true,"showFlares":true,"showImageEffects":true,"showParticleSystems":true,"showVisualEffectGraphs":true,"m_FxEnabled":true},"in2DMode":false,"pivot":{"x":10.304945945739746,"y":-112.90200805664063,"z":-144.77474975585938},"rotation":{"x":-0.06704705208539963,"y":0.8291537761688232,"z":-0.5456207990646362,"w":-0.10200909525156021},"size":78.76935577392578,"orthographic":false}