{"cameraMode":{"drawMode":0,"name":"Shaded","section":"Shading Mode"},"sceneLighting":true,"audioPlay":false,"sceneViewState":{"m_AlwaysRefresh":false,"showFog":true,"showSkybox":true,"showFlares":true,"showImageEffects":true,"showParticleSystems":true,"showVisualEffectGraphs":true,"m_FxEnabled":true},"in2DMode":false,"pivot":{"x":7.7721734046936039,"y":4.373634338378906,"z":-285.5550537109375},"rotation":{"x":0.0782892182469368,"y":-0.07822436839342118,"z":-0.006084789987653494,"w":-0.9938850402832031},"size":3.3181633949279787,"orthographic":false}