{"cameraMode":{"drawMode":0,"name":"Shaded","section":"Shading Mode"},"sceneLighting":false,"audioPlay":false,"sceneViewState":{"m_AlwaysRefresh":false,"showFog":true,"showSkybox":false,"showFlares":true,"showImageEffects":true,"showParticleSystems":true,"showVisualEffectGraphs":true,"m_FxEnabled":true},"in2DMode":false,"pivot":{"x":-4.7423014640808109,"y":0.30491289496421816,"z":-0.9310020208358765},"rotation":{"x":0.015098577365279198,"y":0.9431464672088623,"z":-0.32938647270202639,"w":0.04304509982466698},"size":2.8699276447296144,"orthographic":false}