{"cameraMode":{"drawMode":0,"name":"Shaded","section":"Shading Mode"},"sceneLighting":false,"audioPlay":false,"sceneViewState":{"m_AlwaysRefresh":false,"showFog":true,"showSkybox":false,"showFlares":true,"showImageEffects":true,"showParticleSystems":true,"showVisualEffectGraphs":true,"m_FxEnabled":true},"in2DMode":false,"pivot":{"x":-2.6418888568878176,"y":0.21662306785583497,"z":2.9206912517547609},"rotation":{"x":-0.20413178205490113,"y":0.6413233280181885,"z":-0.1827239841222763,"w":-0.7167564034461975},"size":3.5358903408050539,"orthographic":false}